baseDate,baseTime,category,fcstDate,fcstTime,fcstValue,nx,ny
20261010,0200,TMP,20261010,0300,15,89,90
20261010,0200,UUU,20261010,0300,-0.1,89,90
20261010,0200,VVV,20261010,0300,0,89,90
20261010,0200,VEC,20261010,0300,90,89,90
20261010,0200,WSD,20261010,0300,0.2,89,90
20261010,0200,SKY,20261010,0300,3,89,90
20261010,0200,PTY,20261010,0300,0,89,90
20261010,0200,POP,20261010,0300,20,89,90
20261010,0200,WAV,20261010,0300,0,89,90
20261010,0200,PCP,20261010,0300,강수없음,89,90
20261010,0200,REH,20261010,0300,85,89,90
20261010,0200,SNO,20261010,0300,적설없음,89,90
20261010,0200,TMP,20261010,0400,14,89,90
20261010,0200,UUU,20261010,0400,-0.2,89,90
20261010,0200,VVV,20261010,0400,0,89,90
20261010,0200,VEC,20261010,0400,90,89,90
20261010,0200,WSD,20261010,0400,0.3,89,90
20261010,0200,SKY,20261010,0400,1,89,90
20261010,0200,PTY,20261010,0400,0,89,90
20261010,0200,POP,20261010,0400,0,89,90
20261010,0200,WAV,20261010,0400,0,89,90
20261010,0200,PCP,20261010,0400,강수없음,89,90
20261010,0200,REH,20261010,0400,85,89,90
20261010,0200,SNO,20261010,0400,적설없음,89,90
20261010,0200,TMP,20261010,0500,14,89,90
20261010,0200,UUU,20261010,0500,-0.2,89,90
20261010,0200,VVV,20261010,0500,0,89,90
20261010,0200,VEC,20261010,0500,90,89,90
20261010,0200,WSD,20261010,0500,0.3,89,90
20261010,0200,SKY,20261010,0500,4,89,90
20261010,0200,PTY,20261010,0500,0,89,90
20261010,0200,POP,20261010,0500,30,89,90
20261010,0200,WAV,20261010,0500,0,89,90
20261010,0200,PCP,20261010,0500,강수없음,89,90
20261010,0200,REH,20261010,0500,85,89,90
20261010,0200,SNO,20261010,0500,적설없음,89,90
20261010,0200,TMP,20261010,0600,14,89,90
20261010,0200,UUU,20261010,0600,-0.1,89,90
20261010,0200,VVV,20261010,0600,0,89,90
20261010,0200,VEC,20261010,0600,90,89,90
20261010,0200,WSD,20261010,0600,0.2,89,90
20261010,0200,SKY,20261010,0600,4,89,90
20261010,0200,PTY,20261010,0600,0,89,90
20261010,0200,POP,20261010,0600,30,89,90
20261010,0200,WAV,20261010,0600,0,89,90
20261010,0200,PCP,20261010,0600,강수없음,89,90
20261010,0200,REH,20261010,0600,85,89,90
20261010,0200,SNO,20261010,0600,적설없음,89,90
20261010,0200,TMN,20261010,0600,14.0,89,90
20261010,0200,TMP,20261010,0700,14,89,90
20261010,0200,UUU,20261010,0700,0,89,90
20261010,0200,VVV,20261010,0700,0,89,90
20261010,0200,VEC,20261010,0700,90,89,90
20261010,0200,WSD,20261010,0700,0.1,89,90
20261010,0200,SKY,20261010,0700,4,89,90
20261010,0200,PTY,20261010,0700,0,89,90
20261010,0200,POP,20261010,0700,30,89,90
20261010,0200,WAV,20261010,0700,0,89,90
20261010,0200,PCP,20261010,0700,강수없음,89,90
20261010,0200,REH,20261010,0700,85,89,90
20261010,0200,SNO,20261010,0700,적설없음,89,90
20261010,0200,TMP,20261010,0800,17,89,90
20261010,0200,UUU,20261010,0800,0,89,90
20261010,0200,VVV,20261010,0800,0,89,90
20261010,0200,VEC,20261010,0800,90,89,90
20261010,0200,WSD,20261010,0800,0.1,89,90
20261010,0200,SKY,20261010,0800,4,89,90
20261010,0200,PTY,20261010,0800,0,89,90
20261010,0200,POP,20261010,0800,30,89,90
20261010,0200,WAV,20261010,0800,0,89,90
20261010,0200,PCP,20261010,0800,강수없음,89,90
20261010,0200,REH,20261010,0800,75,89,90
20261010,0200,SNO,20261010,0800,적설없음,89,90
20261010,0200,TMP,20261010,0900,19,89,90
20261010,0200,UUU,20261010,0900,-0.1,89,90
20261010,0200,VVV,20261010,0900,0,89,90
20261010,0200,VEC,20261010,0900,90,89,90
20261010,0200,WSD,20261010,0900,0.2,89,90
20261010,0200,SKY,20261010,0900,1,89,90
20261010,0200,PTY,20261010,0900,0,89,90
20261010,0200,POP,20261010,0900,0,89,90
20261010,0200,WAV,20261010,0900,0,89,90
20261010,0200,PCP,20261010,0900,강수없음,89,90
20261010,0200,REH,20261010,0900,70,89,90
20261010,0200,SNO,20261010,0900,적설없음,89,90
20261010,0200,TMP,20261010,1000,22,89,90
20261010,0200,UUU,20261010,1000,0,89,90
20261010,0200,VVV,20261010,1000,0,89,90
20261010,0200,VEC,20261010,1000,135,89,90
20261010,0200,WSD,20261010,1000,0.1,89,90
20261010,0200,SKY,20261010,1000,3,89,90
20261010,0200,PTY,20261010,1000,0,89,90
20261010,0200,POP,20261010,1000,20,89,90
20261010,0200,WAV,20261010,1000,0,89,90
20261010,0200,PCP,20261010,1000,강수없음,89,90
20261010,0200,REH,20261010,1000,65,89,90
20261010,0200,SNO,20261010,1000,적설없음,89,90
20261010,0200,TMP,20261010,1100,23,89,90
20261010,0200,UUU,20261010,1100,-0.3,89,90
20261010,0200,VVV,20261010,1100,0,89,90
20261010,0200,VEC,20261010,1100,90,89,90
20261010,0200,WSD,20261010,1100,0.4,89,90
20261010,0200,SKY,20261010,1100,3,89,90
20261010,0200,PTY,20261010,1100,0,89,90
20261010,0200,POP,20261010,1100,20,89,90
20261010,0200,WAV,20261010,1100,0,89,90
20261010,0200,PCP,20261010,1100,강수없음,89,90
20261010,0200,REH,20261010,1100,65,89,90
20261010,0200,SNO,20261010,1100,적설없음,89,90
20261010,0200,TMP,20261010,1200,25,89,90
20261010,0200,UUU,20261010,1200,-0.3,89,90
20261010,0200,VVV,20261010,1200,0.3,89,90
20261010,0200,VEC,20261010,1200,129,89,90
20261010,0200,WSD,20261010,1200,0.6,89,90
20261010,0200,SKY,20261010,1200,4,89,90
20261010,0200,PTY,20261010,1200,1,89,90
20261010,0200,POP,20261010,1200,60,89,90
20261010,0200,WAV,20261010,1200,0,89,90
20261010,0200,PCP,20261010,1200,2.0mm,89,90
20261010,0200,REH,20261010,1200,60,89,90
20261010,0200,SNO,20261010,1200,적설없음,89,90
20261010,0200,TMP,20261010,1300,27,89,90
20261010,0200,UUU,20261010,1300,-0.4,89,90
20261010,0200,VVV,20261010,1300,0.6,89,90
20261010,0200,VEC,20261010,1300,139,89,90
20261010,0200,WSD,20261010,1300,0.9,89,90
20261010,0200,SKY,20261010,1300,3,89,90
20261010,0200,PTY,20261010,1300,0,89,90
20261010,0200,POP,20261010,1300,20,89,90
20261010,0200,WAV,20261010,1300,0,89,90
20261010,0200,PCP,20261010,1300,강수없음,89,90
20261010,0200,REH,20261010,1300,60,89,90
20261010,0200,SNO,20261010,1300,적설없음,89,90
20261010,0200,TMP,20261010,1400,28,89,90
20261010,0200,UUU,20261010,1400,-0.5,89,90
20261010,0200,VVV,20261010,1400,0.8,89,90
20261010,0200,VEC,20261010,1400,142,89,90
20261010,0200,WSD,20261010,1400,1.1,89,90
20261010,0200,SKY,20261010,1400,4,89,90
20261010,0200,PTY,20261010,1400,1,89,90
20261010,0200,POP,20261010,1400,60,89,90
20261010,0200,WAV,20261010,1400,0,89,90
20261010,0200,PCP,20261010,1400,2.0mm,89,90
20261010,0200,REH,20261010,1400,60,89,90
20261010,0200,SNO,20261010,1400,적설없음,89,90
20261010,0200,TMP,20261010,1500,28,89,90
20261010,0200,UUU,20261010,1500,-0.3,89,90
20261010,0200,VVV,20261010,1500,1.2,89,90
20261010,0200,VEC,20261010,1500,159,89,90
20261010,0200,WSD,20261010,1500,1.3,89,90
20261010,0200,SKY,20261010,1500,4,89,90
20261010,0200,PTY,20261010,1500,0,89,90
20261010,0200,POP,20261010,1500,30,89,90
20261010,0200,WAV,20261010,1500,0,89,90
20261010,0200,PCP,20261010,1500,강수없음,89,90
20261010,0200,REH,20261010,1500,60,89,90
20261010,0200,SNO,20261010,1500,적설없음,89,90
20261010,0200,TMX,20261010,1500,28.0,89,90
20261010,0200,TMP,20261010,1600,27,89,90
20261010,0200,UUU,20261010,1600,-0.2,89,90
20261010,0200,VVV,20261010,1600,0.8,89,90
20261010,0200,VEC,20261010,1600,156,89,90
20261010,0200,WSD,20261010,1600,0.9,89,90
20261010,0200,SKY,20261010,1600,4,89,90
20261010,0200,PTY,20261010,1600,1,89,90
20261010,0200,POP,20261010,1600,60,89,90
20261010,0200,WAV,20261010,1600,0,89,90
20261010,0200,PCP,20261010,1600,2.0mm,89,90
20261010,0200,REH,20261010,1600,60,89,90
20261010,0200,SNO,20261010,1600,적설없음,89,90
20261010,0200,TMP,20261010,1700,26,89,90
20261010,0200,UUU,20261010,1700,-0.2,89,90
20261010,0200,VVV,20261010,1700,0.4,89,90
20261010,0200,VEC,20261010,1700,141,89,90
20261010,0200,WSD,20261010,1700,0.6,89,90
20261010,0200,SKY,20261010,1700,4,89,90
20261010,0200,PTY,20261010,1700,0,89,90
20261010,0200,POP,20261010,1700,30,89,90
20261010,0200,WAV,20261010,1700,0,89,90
20261010,0200,PCP,20261010,1700,강수없음,89,90
20261010,0200,REH,20261010,1700,65,89,90
20261010,0200,SNO,20261010,1700,적설없음,89,90
20261010,0200,TMP,20261010,1800,24,89,90
20261010,0200,UUU,20261010,1800,-0.2,89,90
20261010,0200,VVV,20261010,1800,0.1,89,90
20261010,0200,VEC,20261010,1800,117,89,90
20261010,0200,WSD,20261010,1800,0.4,89,90
20261010,0200,SKY,20261010,1800,4,89,90
20261010,0200,PTY,20261010,1800,0,89,90
20261010,0200,POP,20261010,1800,30,89,90
20261010,0200,WAV,20261010,1800,0,89,90
20261010,0200,PCP,20261010,1800,강수없음,89,90
20261010,0200,REH,20261010,1800,70,89,90
20261010,0200,SNO,20261010,1800,적설없음,89,90
20261010,0200,TMP,20261010,1900,22,89,90
20261010,0200,UUU,20261010,1900,-0.3,89,90
20261010,0200,VVV,20261010,1900,0.6,89,90
20261010,0200,VEC,20261010,1900,150,89,90
20261010,0200,WSD,20261010,1900,0.8,89,90
20261010,0200,SKY,20261010,1900,4,89,90
20261010,0200,PTY,20261010,1900,0,89,90
20261010,0200,POP,20261010,1900,30,89,90
20261010,0200,WAV,20261010,1900,0,89,90
20261010,0200,PCP,20261010,1900,강수없음,89,90
20261010,0200,REH,20261010,1900,75,89,90
20261010,0200,SNO,20261010,1900,적설없음,89,90
20261010,0200,TMP,20261010,2000,21,89,90
20261010,0200,UUU,20261010,2000,-0.2,89,90
20261010,0200,VVV,20261010,2000,0.4,89,90
20261010,0200,VEC,20261010,2000,141,89,90
20261010,0200,WSD,20261010,2000,0.6,89,90
20261010,0200,SKY,20261010,2000,4,89,90
20261010,0200,PTY,20261010,2000,0,89,90
20261010,0200,POP,20261010,2000,30,89,90
20261010,0200,WAV,20261010,2000,0,89,90
20261010,0200,PCP,20261010,2000,강수없음,89,90
20261010,0200,REH,20261010,2000,80,89,90
20261010,0200,SNO,20261010,2000,적설없음,89,90
20261010,0200,TMP,20261010,2100,20,89,90
20261010,0200,UUU,20261010,2100,-0.3,89,90
20261010,0200,VVV,20261010,2100,0.4,89,90
20261010,0200,VEC,20261010,2100,135,89,90
20261010,0200,WSD,20261010,2100,0.7,89,90
20261010,0200,SKY,20261010,2100,4,89,90
20261010,0200,PTY,20261010,2100,0,89,90
20261010,0200,POP,20261010,2100,30,89,90
20261010,0200,WAV,20261010,2100,0,89,90
20261010,0200,PCP,20261010,2100,강수없음,89,90
20261010,0200,REH,20261010,2100,85,89,90
20261010,0200,SNO,20261010,2100,적설없음,89,90
20261010,0200,TMP,20261010,2200,19,89,90
20261010,0200,UUU,20261010,2200,-0.2,89,90
20261010,0200,VVV,20261010,2200,0.3,89,90
20261010,0200,VEC,20261010,2200,135,89,90
20261010,0200,WSD,20261010,2200,0.5,89,90
20261010,0200,SKY,20261010,2200,4,89,90
20261010,0200,PTY,20261010,2200,0,89,90
20261010,0200,POP,20261010,2200,30,89,90
20261010,0200,WAV,20261010,2200,0,89,90
20261010,0200,PCP,20261010,2200,강수없음,89,90
20261010,0200,REH,20261010,2200,85,89,90
20261010,0200,SNO,20261010,2200,적설없음,89,90
20261010,0200,TMP,20261010,2300,19,89,90
20261010,0200,UUU,20261010,2300,-0.1,89,90
20261010,0200,VVV,20261010,2300,0.4,89,90
20261010,0200,VEC,20261010,2300,149,89,90
20261010,0200,WSD,20261010,2300,0.5,89,90
20261010,0200,SKY,20261010,2300,4,89,90
20261010,0200,PTY,20261010,2300,0,89,90
20261010,0200,POP,20261010,2300,30,89,90
20261010,0200,WAV,20261010,2300,0,89,90
20261010,0200,PCP,20261010,2300,강수없음,89,90
20261010,0200,REH,20261010,2300,90,89,90
20261010,0200,SNO,20261010,2300,적설없음,89,90
20261010,0200,TMP,20261011,0000,18,89,90
20261010,0200,UUU,20261011,0000,-0.2,89,90
20261010,0200,VVV,20261011,0000,0.3,89,90
20261010,0200,VEC,20261011,0000,143,89,90
20261010,0200,WSD,20261011,0000,0.5,89,90
20261010,0200,SKY,20261011,0000,4,89,90
20261010,0200,PTY,20261011,0000,0,89,90
20261010,0200,POP,20261011,0000,30,89,90
20261010,0200,WAV,20261011,0000,0,89,90
20261010,0200,PCP,20261011,0000,강수없음,89,90
20261010,0200,REH,20261011,0000,90,89,90
20261010,0200,SNO,20261011,0000,적설없음,89,90
20261010,0200,TMP,20261011,0100,18,89,90
20261010,0200,UUU,20261011,0100,-0.2,89,90
20261010,0200,VVV,20261011,0100,0.1,89,90
20261010,0200,VEC,20261011,0100,117,89,90
20261010,0200,WSD,20261011,0100,0.4,89,90
20261010,0200,SKY,20261011,0100,4,89,90
20261010,0200,PTY,20261011,0100,0,89,90
20261010,0200,POP,20261011,0100,30,89,90
20261010,0200,WAV,20261011,0100,0,89,90
20261010,0200,PCP,20261011,0100,강수없음,89,90
20261010,0200,REH,20261011,0100,90,89,90
20261010,0200,SNO,20261011,0100,적설없음,89,90
20261010,0200,TMP,20261011,0200,17,89,90
20261010,0200,UUU,20261011,0200,-0.2,89,90
20261010,0200,VVV,20261011,0200,0.1,89,90
20261010,0200,VEC,20261011,0200,117,89,90
20261010,0200,WSD,20261011,0200,0.4,89,90
20261010,0200,SKY,20261011,0200,3,89,90
20261010,0200,PTY,20261011,0200,0,89,90
20261010,0200,POP,20261011,0200,20,89,90
20261010,0200,WAV,20261011,0200,0,89,90
20261010,0200,PCP,20261011,0200,강수없음,89,90
20261010,0200,REH,20261011,0200,90,89,90
20261010,0200,SNO,20261011,0200,적설없음,89,90
20261010,0200,TMP,20261011,0300,17,89,90
20261010,0200,UUU,20261011,0300,-0.3,89,90
20261010,0200,VVV,20261011,0300,0.2,89,90
20261010,0200,VEC,20261011,0300,121,89,90
20261010,0200,WSD,20261011,0300,0.5,89,90
20261010,0200,SKY,20261011,0300,3,89,90
20261010,0200,PTY,20261011,0300,0,89,90
20261010,0200,POP,20261011,0300,20,89,90
20261010,0200,WAV,20261011,0300,0,89,90
20261010,0200,PCP,20261011,0300,강수없음,89,90
20261010,0200,REH,20261011,0300,90,89,90
20261010,0200,SNO,20261011,0300,적설없음,89,90
20261010,0200,TMP,20261011,0400,16,89,90
20261010,0200,UUU,20261011,0400,-0.4,89,90
20261010,0200,VVV,20261011,0400,0.1,89,90
20261010,0200,VEC,20261011,0400,108,89,90
20261010,0200,WSD,20261011,0400,0.6,89,90
20261010,0200,SKY,20261011,0400,3,89,90
20261010,0200,PTY,20261011,0400,0,89,90
20261010,0200,POP,20261011,0400,20,89,90
20261010,0200,WAV,20261011,0400,0,89,90
20261010,0200,PCP,20261011,0400,강수없음,89,90
20261010,0200,REH,20261011,0400,90,89,90
20261010,0200,SNO,20261011,0400,적설없음,89,90
20261010,0200,TMP,20261011,0500,16,89,90
20261010,0200,UUU,20261011,0500,-0.6,89,90
20261010,0200,VVV,20261011,0500,0.1,89,90
20261010,0200,VEC,20261011,0500,104,89,90
20261010,0200,WSD,20261011,0500,0.8,89,90
20261010,0200,SKY,20261011,0500,4,89,90
20261010,0200,PTY,20261011,0500,0,89,90
20261010,0200,POP,20261011,0500,30,89,90
20261010,0200,WAV,20261011,0500,0,89,90
20261010,0200,PCP,20261011,0500,강수없음,89,90
20261010,0200,REH,20261011,0500,95,89,90
20261010,0200,SNO,20261011,0500,적설없음,89,90
20261010,0200,TMP,20261011,0600,16,89,90
20261010,0200,UUU,20261011,0600,-0.6,89,90
20261010,0200,VVV,20261011,0600,0.1,89,90
20261010,0200,VEC,20261011,0600,104,89,90
20261010,0200,WSD,20261011,0600,0.8,89,90
20261010,0200,SKY,20261011,0600,4,89,90
20261010,0200,PTY,20261011,0600,0,89,90
20261010,0200,POP,20261011,0600,30,89,90
20261010,0200,WAV,20261011,0600,0,89,90
20261010,0200,PCP,20261011,0600,강수없음,89,90
20261010,0200,REH,20261011,0600,95,89,90
20261010,0200,SNO,20261011,0600,적설없음,89,90
20261010,0200,TMN,20261011,0600,16.0,89,90
20261010,0200,TMP,20261011,0700,16,89,90
20261010,0200,UUU,20261011,0700,-0.7,89,90
20261010,0200,VVV,20261011,0700,0.2,89,90
20261010,0200,VEC,20261011,0700,108,89,90
20261010,0200,WSD,20261011,0700,0.9,89,90
20261010,0200,SKY,20261011,0700,4,89,90
20261010,0200,PTY,20261011,0700,0,89,90
20261010,0200,POP,20261011,0700,30,89,90
20261010,0200,WAV,20261011,0700,0,89,90
20261010,0200,PCP,20261011,0700,강수없음,89,90
20261010,0200,REH,20261011,0700,95,89,90
20261010,0200,SNO,20261011,0700,적설없음,89,90
20261010,0200,TMP,20261011,0800,17,89,90
20261010,0200,UUU,20261011,0800,-0.7,89,90
20261010,0200,VVV,20261011,0800,0.2,89,90
20261010,0200,VEC,20261011,0800,108,89,90
20261010,0200,WSD,20261011,0800,0.9,89,90
20261010,0200,SKY,20261011,0800,4,89,90
20261010,0200,PTY,20261011,0800,0,89,90
20261010,0200,POP,20261011,0800,30,89,90
20261010,0200,WAV,20261011,0800,0,89,90
20261010,0200,PCP,20261011,0800,강수없음,89,90
20261010,0200,REH,20261011,0800,90,89,90
20261010,0200,SNO,20261011,0800,적설없음,89,90
20261010,0200,TMP,20261011,0900,20,89,90
20261010,0200,UUU,20261011,0900,-0.7,89,90
20261010,0200,VVV,20261011,0900,0.2,89,90
20261010,0200,VEC,20261011,0900,108,89,90
20261010,0200,WSD,20261011,0900,0.9,89,90
20261010,0200,SKY,20261011,0900,4,89,90
20261010,0200,PTY,20261011,0900,0,89,90
20261010,0200,POP,20261011,0900,30,89,90
20261010,0200,WAV,20261011,0900,0,89,90
20261010,0200,PCP,20261011,0900,강수없음,89,90
20261010,0200,REH,20261011,0900,85,89,90
20261010,0200,SNO,20261011,0900,적설없음,89,90
20261010,0200,TMP,20261011,1000,22,89,90
20261010,0200,UUU,20261011,1000,-0.7,89,90
20261010,0200,VVV,20261011,1000,0.2,89,90
20261010,0200,VEC,20261011,1000,108,89,90
20261010,0200,WSD,20261011,1000,0.9,89,90
20261010,0200,SKY,20261011,1000,4,89,90
20261010,0200,PTY,20261011,1000,0,89,90
20261010,0200,POP,20261011,1000,30,89,90
20261010,0200,WAV,20261011,1000,0,89,90
20261010,0200,PCP,20261011,1000,강수없음,89,90
20261010,0200,REH,20261011,1000,75,89,90
20261010,0200,SNO,20261011,1000,적설없음,89,90
20261010,0200,TMP,20261011,1100,24,89,90
20261010,0200,UUU,20261011,1100,-1.1,89,90
20261010,0200,VVV,20261011,1100,0.3,89,90
20261010,0200,VEC,20261011,1100,107,89,90
20261010,0200,WSD,20261011,1100,1.3,89,90
20261010,0200,SKY,20261011,1100,4,89,90
20261010,0200,PTY,20261011,1100,0,89,90
20261010,0200,POP,20261011,1100,30,89,90
20261010,0200,WAV,20261011,1100,0,89,90
20261010,0200,PCP,20261011,1100,강수없음,89,90
20261010,0200,REH,20261011,1100,65,89,90
20261010,0200,SNO,20261011,1100,적설없음,89,90
20261010,0200,TMP,20261011,1200,26,89,90
20261010,0200,UUU,20261011,1200,-1.1,89,90
20261010,0200,VVV,20261011,1200,0.7,89,90
20261010,0200,VEC,20261011,1200,122,89,90
20261010,0200,WSD,20261011,1200,1.5,89,90
20261010,0200,SKY,20261011,1200,4,89,90
20261010,0200,PTY,20261011,1200,0,89,90
20261010,0200,POP,20261011,1200,30,89,90
20261010,0200,WAV,20261011,1200,0,89,90
20261010,0200,PCP,20261011,1200,강수없음,89,90
20261010,0200,REH,20261011,1200,60,89,90
20261010,0200,SNO,20261011,1200,적설없음,89,90
20261010,0200,TMP,20261011,1300,27,89,90
20261010,0200,UUU,20261011,1300,-1.2,89,90
20261010,0200,VVV,20261011,1300,0.5,89,90
20261010,0200,VEC,20261011,1300,113,89,90
20261010,0200,WSD,20261011,1300,1.5,89,90
20261010,0200,SKY,20261011,1300,4,89,90
20261010,0200,PTY,20261011,1300,0,89,90
20261010,0200,POP,20261011,1300,30,89,90
20261010,0200,WAV,20261011,1300,0,89,90
20261010,0200,PCP,20261011,1300,강수없음,89,90
20261010,0200,REH,20261011,1300,60,89,90
20261010,0200,SNO,20261011,1300,적설없음,89,90
20261010,0200,TMP,20261011,1400,27,89,90
20261010,0200,UUU,20261011,1400,-1.3,89,90
20261010,0200,VVV,20261011,1400,0.5,89,90
20261010,0200,VEC,20261011,1400,112,89,90
20261010,0200,WSD,20261011,1400,1.6,89,90
20261010,0200,SKY,20261011,1400,4,89,90
20261010,0200,PTY,20261011,1400,1,89,90
20261010,0200,POP,20261011,1400,60,89,90
20261010,0200,WAV,20261011,1400,0,89,90
20261010,0200,PCP,20261011,1400,1.0mm,89,90
20261010,0200,REH,20261011,1400,60,89,90
20261010,0200,SNO,20261011,1400,적설없음,89,90
20261010,0200,TMP,20261011,1500,27,89,90
20261010,0200,UUU,20261011,1500,-1.3,89,90
20261010,0200,VVV,20261011,1500,0.6,89,90
20261010,0200,VEC,20261011,1500,115,89,90
20261010,0200,WSD,20261011,1500,1.6,89,90
20261010,0200,SKY,20261011,1500,4,89,90
20261010,0200,PTY,20261011,1500,1,89,90
20261010,0200,POP,20261011,1500,60,89,90
20261010,0200,WAV,20261011,1500,0,89,90
20261010,0200,PCP,20261011,1500,1.0mm,89,90
20261010,0200,REH,20261011,1500,60,89,90
20261010,0200,SNO,20261011,1500,적설없음,89,90
20261010,0200,TMX,20261011,1500,27.0,89,90
20261010,0200,TMP,20261011,1600,27,89,90
20261010,0200,UUU,20261011,1600,-1.5,89,90
20261010,0200,VVV,20261011,1600,0.3,89,90
20261010,0200,VEC,20261011,1600,103,89,90
20261010,0200,WSD,20261011,1600,1.7,89,90
20261010,0200,SKY,20261011,1600,4,89,90
20261010,0200,PTY,20261011,1600,1,89,90
20261010,0200,POP,20261011,1600,60,89,90
20261010,0200,WAV,20261011,1600,0,89,90
20261010,0200,PCP,20261011,1600,7.0mm,89,90
20261010,0200,REH,20261011,1600,60,89,90
20261010,0200,SNO,20261011,1600,적설없음,89,90
20261010,0200,TMP,20261011,1700,26,89,90
20261010,0200,UUU,20261011,1700,-1.8,89,90
20261010,0200,VVV,20261011,1700,0.2,89,90
20261010,0200,VEC,20261011,1700,96,89,90
20261010,0200,WSD,20261011,1700,2,89,90
20261010,0200,SKY,20261011,1700,4,89,90
20261010,0200,PTY,20261011,1700,1,89,90
20261010,0200,POP,20261011,1700,60,89,90
20261010,0200,WAV,20261011,1700,0,89,90
20261010,0200,PCP,20261011,1700,5.0mm,89,90
20261010,0200,REH,20261011,1700,65,89,90
20261010,0200,SNO,20261011,1700,적설없음,89,90
20261010,0200,TMP,20261011,1800,24,89,90
20261010,0200,UUU,20261011,1800,-1.9,89,90
20261010,0200,VVV,20261011,1800,0.1,89,90
20261010,0200,VEC,20261011,1800,93,89,90
20261010,0200,WSD,20261011,1800,2.1,89,90
20261010,0200,SKY,20261011,1800,4,89,90
20261010,0200,PTY,20261011,1800,1,89,90
20261010,0200,POP,20261011,1800,60,89,90
20261010,0200,WAV,20261011,1800,0,89,90
20261010,0200,PCP,20261011,1800,1.0mm,89,90
20261010,0200,REH,20261011,1800,70,89,90
20261010,0200,SNO,20261011,1800,적설없음,89,90
20261010,0200,TMP,20261011,1900,22,89,90
20261010,0200,UUU,20261011,1900,-2.3,89,90
20261010,0200,VVV,20261011,1900,0,89,90
20261010,0200,VEC,20261011,1900,90,89,90
20261010,0200,WSD,20261011,1900,2.4,89,90
20261010,0200,SKY,20261011,1900,4,89,90
20261010,0200,PTY,20261011,1900,1,89,90
20261010,0200,POP,20261011,1900,60,89,90
20261010,0200,WAV,20261011,1900,0,89,90
20261010,0200,PCP,20261011,1900,3.0mm,89,90
20261010,0200,REH,20261011,1900,75,89,90
20261010,0200,SNO,20261011,1900,적설없음,89,90
20261010,0200,TMP,20261011,2000,21,89,90
20261010,0200,UUU,20261011,2000,-2.5,89,90
20261010,0200,VVV,20261011,2000,0,89,90
20261010,0200,VEC,20261011,2000,90,89,90
20261010,0200,WSD,20261011,2000,2.6,89,90
20261010,0200,SKY,20261011,2000,4,89,90
20261010,0200,PTY,20261011,2000,0,89,90
20261010,0200,POP,20261011,2000,30,89,90
20261010,0200,WAV,20261011,2000,0,89,90
20261010,0200,PCP,20261011,2000,강수없음,89,90
20261010,0200,REH,20261011,2000,85,89,90
20261010,0200,SNO,20261011,2000,적설없음,89,90
20261010,0200,TMP,20261011,2100,21,89,90
20261010,0200,UUU,20261011,2100,-2.4,89,90
20261010,0200,VVV,20261011,2100,0,89,90
20261010,0200,VEC,20261011,2100,90,89,90
20261010,0200,WSD,20261011,2100,2.5,89,90
20261010,0200,SKY,20261011,2100,4,89,90
20261010,0200,PTY,20261011,2100,0,89,90
20261010,0200,POP,20261011,2100,30,89,90
20261010,0200,WAV,20261011,2100,0,89,90
20261010,0200,PCP,20261011,2100,강수없음,89,90
20261010,0200,REH,20261011,2100,85,89,90
20261010,0200,SNO,20261011,2100,적설없음,89,90
20261010,0200,TMP,20261011,2200,20,89,90
20261010,0200,UUU,20261011,2200,-1.9,89,90
20261010,0200,VVV,20261011,2200,0.1,89,90
20261010,0200,VEC,20261011,2200,93,89,90
20261010,0200,WSD,20261011,2200,2.1,89,90
20261010,0200,SKY,20261011,2200,4,89,90
20261010,0200,PTY,20261011,2200,0,89,90
20261010,0200,POP,20261011,2200,30,89,90
20261010,0200,WAV,20261011,2200,0,89,90
20261010,0200,PCP,20261011,2200,강수없음,89,90
20261010,0200,REH,20261011,2200,90,89,90
20261010,0200,SNO,20261011,2200,적설없음,89,90
20261010,0200,TMP,20261011,2300,20,89,90
20261010,0200,UUU,20261011,2300,-1.6,89,90
20261010,0200,VVV,20261011,2300,0,89,90
20261010,0200,VEC,20261011,2300,90,89,90
20261010,0200,WSD,20261011,2300,1.7,89,90
20261010,0200,SKY,20261011,2300,4,89,90
20261010,0200,PTY,20261011,2300,0,89,90
20261010,0200,POP,20261011,2300,30,89,90
20261010,0200,WAV,20261011,2300,0,89,90
20261010,0200,PCP,20261011,2300,강수없음,89,90
20261010,0200,REH,20261011,2300,90,89,90
20261010,0200,SNO,20261011,2300,적설없음,89,90
20261010,0200,TMP,20261012,0000,19,89,90
20261010,0200,UUU,20261012,0000,-1.6,89,90
20261010,0200,VVV,20261012,0000,0,89,90
20261010,0200,VEC,20261012,0000,90,89,90
20261010,0200,WSD,20261012,0000,1.7,89,90
20261010,0200,SKY,20261012,0000,4,89,90
20261010,0200,PTY,20261012,0000,0,89,90
20261010,0200,POP,20261012,0000,30,89,90
20261010,0200,WAV,20261012,0000,0,89,90
20261010,0200,PCP,20261012,0000,강수없음,89,90
20261010,0200,REH,20261012,0000,90,89,90
20261010,0200,SNO,20261012,0000,적설없음,89,90
20261010,0200,TMP,20261012,0100,19,89,90
20261010,0200,UUU,20261012,0100,-1.6,89,90
20261010,0200,VVV,20261012,0100,0,89,90
20261010,0200,VEC,20261012,0100,90,89,90
20261010,0200,WSD,20261012,0100,1.7,89,90
20261010,0200,SKY,20261012,0100,1,89,90
20261010,0200,PTY,20261012,0100,0,89,90
20261010,0200,POP,20261012,0100,0,89,90
20261010,0200,WAV,20261012,0100,0,89,90
20261010,0200,PCP,20261012,0100,강수없음,89,90
20261010,0200,REH,20261012,0100,95,89,90
20261010,0200,SNO,20261012,0100,적설없음,89,90
20261010,0200,TMP,20261012,0200,19,89,90
20261010,0200,UUU,20261012,0200,-1.7,89,90
20261010,0200,VVV,20261012,0200,0,89,90
20261010,0200,VEC,20261012,0200,90,89,90
20261010,0200,WSD,20261012,0200,1.8,89,90
20261010,0200,SKY,20261012,0200,4,89,90
20261010,0200,PTY,20261012,0200,0,89,90
20261010,0200,POP,20261012,0200,30,89,90
20261010,0200,WAV,20261012,0200,0,89,90
20261010,0200,PCP,20261012,0200,강수없음,89,90
20261010,0200,REH,20261012,0200,95,89,90
20261010,0200,SNO,20261012,0200,적설없음,89,90
20261010,0200,TMP,20261012,0300,18,89,90
20261010,0200,UUU,20261012,0300,-1.5,89,90
20261010,0200,VVV,20261012,0300,0,89,90
20261010,0200,VEC,20261012,0300,90,89,90
20261010,0200,WSD,20261012,0300,1.6,89,90
20261010,0200,SKY,20261012,0300,4,89,90
20261010,0200,PTY,20261012,0300,0,89,90
20261010,0200,POP,20261012,0300,30,89,90
20261010,0200,WAV,20261012,0300,0,89,90
20261010,0200,PCP,20261012,0300,강수없음,89,90
20261010,0200,REH,20261012,0300,95,89,90
20261010,0200,SNO,20261012,0300,적설없음,89,90
20261010,0200,TMP,20261012,0400,18,89,90
20261010,0200,UUU,20261012,0400,-1.1,89,90
20261010,0200,VVV,20261012,0400,0,89,90
20261010,0200,VEC,20261012,0400,90,89,90
20261010,0200,WSD,20261012,0400,1.2,89,90
20261010,0200,SKY,20261012,0400,4,89,90
20261010,0200,PTY,20261012,0400,0,89,90
20261010,0200,POP,20261012,0400,30,89,90
20261010,0200,WAV,20261012,0400,0,89,90
20261010,0200,PCP,20261012,0400,강수없음,89,90
20261010,0200,REH,20261012,0400,95,89,90
20261010,0200,SNO,20261012,0400,적설없음,89,90
20261010,0200,TMP,20261012,0500,18,89,90
20261010,0200,UUU,20261012,0500,-1.1,89,90
20261010,0200,VVV,20261012,0500,0,89,90
20261010,0200,VEC,20261012,0500,90,89,90
20261010,0200,WSD,20261012,0500,1.2,89,90
20261010,0200,SKY,20261012,0500,4,89,90
20261010,0200,PTY,20261012,0500,0,89,90
20261010,0200,POP,20261012,0500,30,89,90
20261010,0200,WAV,20261012,0500,0,89,90
20261010,0200,PCP,20261012,0500,강수없음,89,90
20261010,0200,REH,20261012,0500,95,89,90
20261010,0200,SNO,20261012,0500,적설없음,89,90
20261010,0200,TMP,20261012,0600,18,89,90
20261010,0200,UUU,20261012,0600,-1.7,89,90
20261010,0200,VVV,20261012,0600,0,89,90
20261010,0200,VEC,20261012,0600,90,89,90
20261010,0200,WSD,20261012,0600,1.8,89,90
20261010,0200,SKY,20261012,0600,4,89,90
20261010,0200,PTY,20261012,0600,0,89,90
20261010,0200,POP,20261012,0600,30,89,90
20261010,0200,WAV,20261012,0600,0,89,90
20261010,0200,PCP,20261012,0600,강수없음,89,90
20261010,0200,REH,20261012,0600,95,89,90
20261010,0200,SNO,20261012,0600,적설없음,89,90
20261010,0200,TMN,20261012,0600,17.0,89,90
20261010,0200,TMP,20261012,0700,18,89,90
20261010,0200,UUU,20261012,0700,-1.7,89,90
20261010,0200,VVV,20261012,0700,0,89,90
20261010,0200,VEC,20261012,0700,90,89,90
20261010,0200,WSD,20261012,0700,1.8,89,90
20261010,0200,SKY,20261012,0700,4,89,90
20261010,0200,PTY,20261012,0700,0,89,90
20261010,0200,POP,20261012,0700,30,89,90
20261010,0200,WAV,20261012,0700,0,89,90
20261010,0200,PCP,20261012,0700,강수없음,89,90
20261010,0200,REH,20261012,0700,95,89,90
20261010,0200,SNO,20261012,0700,적설없음,89,90
20261010,0200,TMP,20261012,0800,19,89,90
20261010,0200,UUU,20261012,0800,-1.7,89,90
20261010,0200,VVV,20261012,0800,0,89,90
20261010,0200,VEC,20261012,0800,93,89,90
20261010,0200,WSD,20261012,0800,1.9,89,90
20261010,0200,SKY,20261012,0800,3,89,90
20261010,0200,PTY,20261012,0800,0,89,90
20261010,0200,POP,20261012,0800,20,89,90
20261010,0200,WAV,20261012,0800,0,89,90
20261010,0200,PCP,20261012,0800,강수없음,89,90
20261010,0200,REH,20261012,0800,90,89,90
20261010,0200,SNO,20261012,0800,적설없음,89,90
20261010,0200,TMP,20261012,0900,21,89,90
20261010,0200,UUU,20261012,0900,-2.6,89,90
20261010,0200,VVV,20261012,0900,0.3,89,90
20261010,0200,VEC,20261012,0900,98,89,90
20261010,0200,WSD,20261012,0900,2.8,89,90
20261010,0200,SKY,20261012,0900,4,89,90
20261010,0200,PTY,20261012,0900,0,89,90
20261010,0200,POP,20261012,0900,30,89,90
20261010,0200,WAV,20261012,0900,0,89,90
20261010,0200,PCP,20261012,0900,강수없음,89,90
20261010,0200,REH,20261012,0900,85,89,90
20261010,0200,SNO,20261012,0900,적설없음,89,90
20261010,0200,TMP,20261012,1000,22,89,90
20261010,0200,UUU,20261012,1000,-2.4,89,90
20261010,0200,VVV,20261012,1000,0.4,89,90
20261010,0200,VEC,20261012,1000,99,89,90
20261010,0200,WSD,20261012,1000,2.6,89,90
20261010,0200,SKY,20261012,1000,3,89,90
20261010,0200,PTY,20261012,1000,0,89,90
20261010,0200,POP,20261012,1000,20,89,90
20261010,0200,WAV,20261012,1000,0,89,90
20261010,0200,PCP,20261012,1000,강수없음,89,90
20261010,0200,REH,20261012,1000,75,89,90
20261010,0200,SNO,20261012,1000,적설없음,89,90
20261010,0200,TMP,20261012,1100,24,89,90
20261010,0200,UUU,20261012,1100,-2.1,89,90
20261010,0200,VVV,20261012,1100,0.4,89,90
20261010,0200,VEC,20261012,1100,102,89,90
20261010,0200,WSD,20261012,1100,2.3,89,90
20261010,0200,SKY,20261012,1100,1,89,90
20261010,0200,PTY,20261012,1100,0,89,90
20261010,0200,POP,20261012,1100,0,89,90
20261010,0200,WAV,20261012,1100,0,89,90
20261010,0200,PCP,20261012,1100,강수없음,89,90
20261010,0200,REH,20261012,1100,70,89,90
20261010,0200,SNO,20261012,1100,적설없음,89,90
20261010,0200,TMP,20261012,1200,25,89,90
20261010,0200,UUU,20261012,1200,-1.9,89,90
20261010,0200,VVV,20261012,1200,0.6,89,90
20261010,0200,VEC,20261012,1200,108,89,90
20261010,0200,WSD,20261012,1200,2.2,89,90
20261010,0200,SKY,20261012,1200,1,89,90
20261010,0200,PTY,20261012,1200,0,89,90
20261010,0200,POP,20261012,1200,0,89,90
20261010,0200,WAV,20261012,1200,0,89,90
20261010,0200,PCP,20261012,1200,강수없음,89,90
20261010,0200,REH,20261012,1200,65,89,90
20261010,0200,SNO,20261012,1200,적설없음,89,90
20261010,0200,TMP,20261012,1300,26,89,90
20261010,0200,UUU,20261012,1300,-1.9,89,90
20261010,0200,VVV,20261012,1300,0.6,89,90
20261010,0200,VEC,20261012,1300,108,89,90
20261010,0200,WSD,20261012,1300,2.2,89,90
20261010,0200,SKY,20261012,1300,1,89,90
20261010,0200,PTY,20261012,1300,0,89,90
20261010,0200,POP,20261012,1300,0,89,90
20261010,0200,WAV,20261012,1300,0,89,90
20261010,0200,PCP,20261012,1300,강수없음,89,90
20261010,0200,REH,20261012,1300,65,89,90
20261010,0200,SNO,20261012,1300,적설없음,89,90
20261010,0200,TMP,20261012,1400,27,89,90
20261010,0200,UUU,20261012,1400,-1.7,89,90
20261010,0200,VVV,20261012,1400,0.6,89,90
20261010,0200,VEC,20261012,1400,110,89,90
20261010,0200,WSD,20261012,1400,2,89,90
20261010,0200,SKY,20261012,1400,3,89,90
20261010,0200,PTY,20261012,1400,0,89,90
20261010,0200,POP,20261012,1400,20,89,90
20261010,0200,WAV,20261012,1400,0,89,90
20261010,0200,PCP,20261012,1400,강수없음,89,90
20261010,0200,REH,20261012,1400,65,89,90
20261010,0200,SNO,20261012,1400,적설없음,89,90
20261010,0200,TMP,20261012,1500,27,89,90
20261010,0200,UUU,20261012,1500,-2,89,90
20261010,0200,VVV,20261012,1500,0.7,89,90
20261010,0200,VEC,20261012,1500,110,89,90
20261010,0200,WSD,20261012,1500,2.3,89,90
20261010,0200,SKY,20261012,1500,3,89,90
20261010,0200,PTY,20261012,1500,0,89,90
20261010,0200,POP,20261012,1500,20,89,90
20261010,0200,WAV,20261012,1500,0,89,90
20261010,0200,PCP,20261012,1500,강수없음,89,90
20261010,0200,REH,20261012,1500,65,89,90
20261010,0200,SNO,20261012,1500,적설없음,89,90
20261010,0200,TMX,20261012,1500,27.0,89,90
20261010,0200,TMP,20261012,1600,26,89,90
20261010,0200,UUU,20261012,1600,-2,89,90
20261010,0200,VVV,20261012,1600,0.7,89,90
20261010,0200,VEC,20261012,1600,108,89,90
20261010,0200,WSD,20261012,1600,2.3,89,90
20261010,0200,SKY,20261012,1600,3,89,90
20261010,0200,PTY,20261012,1600,0,89,90
20261010,0200,POP,20261012,1600,20,89,90
20261010,0200,WAV,20261012,1600,0,89,90
20261010,0200,PCP,20261012,1600,강수없음,89,90
20261010,0200,REH,20261012,1600,65,89,90
20261010,0200,SNO,20261012,1600,적설없음,89,90
20261010,0200,TMP,20261012,1700,25,89,90
20261010,0200,UUU,20261012,1700,-1.8,89,90
20261010,0200,VVV,20261012,1700,0.5,89,90
20261010,0200,VEC,20261012,1700,107,89,90
20261010,0200,WSD,20261012,1700,2,89,90
20261010,0200,SKY,20261012,1700,3,89,90
20261010,0200,PTY,20261012,1700,0,89,90
20261010,0200,POP,20261012,1700,20,89,90
20261010,0200,WAV,20261012,1700,0,89,90
20261010,0200,PCP,20261012,1700,강수없음,89,90
20261010,0200,REH,20261012,1700,70,89,90
20261010,0200,SNO,20261012,1700,적설없음,89,90
20261010,0200,TMP,20261012,1800,24,89,90
20261010,0200,UUU,20261012,1800,-1.9,89,90
20261010,0200,VVV,20261012,1800,0.1,89,90
20261010,0200,VEC,20261012,1800,93,89,90
20261010,0200,WSD,20261012,1800,2.1,89,90
20261010,0200,SKY,20261012,1800,4,89,90
20261010,0200,PTY,20261012,1800,0,89,90
20261010,0200,POP,20261012,1800,30,89,90
20261010,0200,WAV,20261012,1800,0,89,90
20261010,0200,PCP,20261012,1800,강수없음,89,90
20261010,0200,REH,20261012,1800,75,89,90
20261010,0200,SNO,20261012,1800,적설없음,89,90
20261010,0200,TMP,20261012,1900,22,89,90
20261010,0200,UUU,20261012,1900,-1.7,89,90
20261010,0200,VVV,20261012,1900,0.1,89,90
20261010,0200,VEC,20261012,1900,96,89,90
20261010,0200,WSD,20261012,1900,1.9,89,90
20261010,0200,SKY,20261012,1900,4,89,90
20261010,0200,PTY,20261012,1900,1,89,90
20261010,0200,POP,20261012,1900,60,89,90
20261010,0200,WAV,20261012,1900,0,89,90
20261010,0200,PCP,20261012,1900,1mm 미만,89,90
20261010,0200,REH,20261012,1900,80,89,90
20261010,0200,SNO,20261012,1900,적설없음,89,90
20261010,0200,TMP,20261012,2000,22,89,90
20261010,0200,UUU,20261012,2000,-1.7,89,90
20261010,0200,VVV,20261012,2000,0,89,90
20261010,0200,VEC,20261012,2000,90,89,90
20261010,0200,WSD,20261012,2000,1.8,89,90
20261010,0200,SKY,20261012,2000,4,89,90
20261010,0200,PTY,20261012,2000,1,89,90
20261010,0200,POP,20261012,2000,60,89,90
20261010,0200,WAV,20261012,2000,0,89,90
20261010,0200,PCP,20261012,2000,3.0mm,89,90
20261010,0200,REH,20261012,2000,85,89,90
20261010,0200,SNO,20261012,2000,적설없음,89,90
20261010,0200,TMP,20261012,2100,21,89,90
20261010,0200,UUU,20261012,2100,-1.3,89,90
20261010,0200,VVV,20261012,2100,0.2,89,90
20261010,0200,VEC,20261012,2100,101,89,90
20261010,0200,WSD,20261012,2100,1.5,89,90
20261010,0200,SKY,20261012,2100,4,89,90
20261010,0200,PTY,20261012,2100,1,89,90
20261010,0200,POP,20261012,2100,60,89,90
20261010,0200,WAV,20261012,2100,0,89,90
20261010,0200,PCP,20261012,2100,2.0mm,89,90
20261010,0200,REH,20261012,2100,85,89,90
20261010,0200,SNO,20261012,2100,적설없음,89,90
20261010,0200,TMP,20261012,2200,21,89,90
20261010,0200,UUU,20261012,2200,-1.2,89,90
20261010,0200,VVV,20261012,2200,0.1,89,90
20261010,0200,VEC,20261012,2200,98,89,90
20261010,0200,WSD,20261012,2200,1.4,89,90
20261010,0200,SKY,20261012,2200,4,89,90
20261010,0200,PTY,20261012,2200,1,89,90
20261010,0200,POP,20261012,2200,60,89,90
20261010,0200,WAV,20261012,2200,0,89,90
20261010,0200,PCP,20261012,2200,2.0mm,89,90
20261010,0200,REH,20261012,2200,85,89,90
20261010,0200,SNO,20261012,2200,적설없음,89,90
20261010,0200,TMP,20261012,2300,20,89,90
20261010,0200,UUU,20261012,2300,-1,89,90
20261010,0200,VVV,20261012,2300,0.2,89,90
20261010,0200,VEC,20261012,2300,104,89,90
20261010,0200,WSD,20261012,2300,1.2,89,90
20261010,0200,SKY,20261012,2300,1,89,90
20261010,0200,PTY,20261012,2300,0,89,90
20261010,0200,POP,20261012,2300,0,89,90
20261010,0200,WAV,20261012,2300,0,89,90
20261010,0200,PCP,20261012,2300,강수없음,89,90
20261010,0200,REH,20261012,2300,90,89,90
20261010,0200,SNO,20261012,2300,적설없음,89,90
20261010,0200,TMP,20261013,0000,20,89,90
20261010,0200,UUU,20261013,0000,-0.7,89,90
20261010,0200,VVV,20261013,0000,0.3,89,90
20261010,0200,VEC,20261013,0000,114,89,90
20261010,0200,WSD,20261013,0000,0.9,89,90
20261010,0200,SKY,20261013,0000,1,89,90
20261010,0200,PTY,20261013,0000,0,89,90
20261010,0200,POP,20261013,0000,0,89,90
20261010,0200,WAV,20261013,0000,0,89,90
20261010,0200,PCP,20261013,0000,강수없음,89,90
20261010,0200,REH,20261013,0000,90,89,90
20261010,0200,SNO,20261013,0000,적설없음,89,90
20261010,0200,TMP,20261013,0300,19,89,90
20261010,0200,UUU,20261013,0300,-0.5,89,90
20261010,0200,VVV,20261013,0300,0.2,89,90
20261010,0200,VEC,20261013,0300,113,89,90
20261010,0200,WSD,20261013,0300,1,89,90
20261010,0200,SKY,20261013,0300,4,89,90
20261010,0200,PTY,20261013,0300,1,89,90
20261010,0200,POP,20261013,0300,60,89,90
20261010,0200,WAV,20261013,0300,0,89,90
20261010,0200,PCP,20261013,0300,1,89,90
20261010,0200,REH,20261013,0300,95,89,90
20261010,0200,SNO,20261013,0300,0,89,90
20261010,0200,TMP,20261013,0600,18,89,90
20261010,0200,UUU,20261013,0600,-0.2,89,90
20261010,0200,VVV,20261013,0600,0.3,89,90
20261010,0200,VEC,20261013,0600,135,89,90
20261010,0200,WSD,20261013,0600,1,89,90
20261010,0200,SKY,20261013,0600,4,89,90
20261010,0200,PTY,20261013,0600,0,89,90
20261010,0200,POP,20261013,0600,30,89,90
20261010,0200,WAV,20261013,0600,0,89,90
20261010,0200,PCP,20261013,0600,0,89,90
20261010,0200,REH,20261013,0600,95,89,90
20261010,0200,SNO,20261013,0600,0,89,90
20261010,0200,TMN,20261013,0600,18.0,89,90
20261010,0200,TMP,20261013,0900,20,89,90
20261010,0200,UUU,20261013,0900,0,89,90
20261010,0200,VVV,20261013,0900,0.4,89,90
20261010,0200,VEC,20261013,0900,180,89,90
20261010,0200,WSD,20261013,0900,1,89,90
20261010,0200,SKY,20261013,0900,4,89,90
20261010,0200,PTY,20261013,0900,1,89,90
20261010,0200,POP,20261013,0900,60,89,90
20261010,0200,WAV,20261013,0900,0,89,90
20261010,0200,PCP,20261013,0900,1,89,90
20261010,0200,REH,20261013,0900,90,89,90
20261010,0200,SNO,20261013,0900,0,89,90
20261010,0200,TMP,20261013,1200,23,89,90
20261010,0200,UUU,20261013,1200,0.7,89,90
20261010,0200,VVV,20261013,1200,0,89,90
20261010,0200,VEC,20261013,1200,270,89,90
20261010,0200,WSD,20261013,1200,1,89,90
20261010,0200,SKY,20261013,1200,4,89,90
20261010,0200,PTY,20261013,1200,1,89,90
20261010,0200,POP,20261013,1200,60,89,90
20261010,0200,WAV,20261013,1200,0,89,90
20261010,0200,PCP,20261013,1200,1,89,90
20261010,0200,REH,20261013,1200,75,89,90
20261010,0200,SNO,20261013,1200,0,89,90
20261010,0200,TMP,20261013,1500,24,89,90
20261010,0200,UUU,20261013,1500,1.4,89,90
20261010,0200,VVV,20261013,1500,-0.2,89,90
20261010,0200,VEC,20261013,1500,281,89,90
20261010,0200,WSD,20261013,1500,1,89,90
20261010,0200,SKY,20261013,1500,3,89,90
20261010,0200,PTY,20261013,1500,0,89,90
20261010,0200,POP,20261013,1500,10,89,90
20261010,0200,WAV,20261013,1500,0,89,90
20261010,0200,PCP,20261013,1500,0,89,90
20261010,0200,REH,20261013,1500,65,89,90
20261010,0200,SNO,20261013,1500,0,89,90
20261010,0200,TMX,20261013,1500,24.0,89,90
20261010,0200,TMP,20261013,1800,22,89,90
20261010,0200,UUU,20261013,1800,1.5,89,90
20261010,0200,VVV,20261013,1800,-0.3,89,90
20261010,0200,VEC,20261013,1800,284,89,90
20261010,0200,WSD,20261013,1800,1,89,90
20261010,0200,SKY,20261013,1800,1,89,90
20261010,0200,PTY,20261013,1800,0,89,90
20261010,0200,POP,20261013,1800,0,89,90
20261010,0200,WAV,20261013,1800,0,89,90
20261010,0200,PCP,20261013,1800,0,89,90
20261010,0200,REH,20261013,1800,75,89,90
20261010,0200,SNO,20261013,1800,0,89,90
20261010,0200,TMP,20261013,2100,20,89,90
20261010,0200,UUU,20261013,2100,1,89,90
20261010,0200,VVV,20261013,2100,-0.1,89,90
20261010,0200,VEC,20261013,2100,280,89,90
20261010,0200,WSD,20261013,2100,1,89,90
20261010,0200,SKY,20261013,2100,3,89,90
20261010,0200,PTY,20261013,2100,0,89,90
20261010,0200,POP,20261013,2100,10,89,90
20261010,0200,WAV,20261013,2100,0,89,90
20261010,0200,PCP,20261013,2100,0,89,90
20261010,0200,REH,20261013,2100,80,89,90
20261010,0200,SNO,20261013,2100,0,89,90
20261010,0200,TMP,20261014,0000,19,89,90
20261010,0200,UUU,20261014,0000,1.3,89,90
20261010,0200,VVV,20261014,0000,-0.4,89,90
20261010,0200,VEC,20261014,0000,290,89,90
20261010,0200,WSD,20261014,0000,1,89,90
20261010,0200,SKY,20261014,0000,1,89,90
20261010,0200,PTY,20261014,0000,0,89,90
20261010,0200,POP,20261014,0000,0,89,90
20261010,0200,WAV,20261014,0000,0,89,90
20261010,0200,PCP,20261014,0000,0,89,90
20261010,0200,REH,20261014,0000,85,89,90
20261010,0200,SNO,20261014,0000,0,89,90
